<?xml version="1.0" encoding="UTF-8"?>
<!DOCTYPE mapper PUBLIC "-//mybatis.org//DTD Mapper 3.0//EN" "http://mybatis.org/dtd/mybatis-3-mapper.dtd">
<mapper namespace="cn.zy.dao.CartDao">
	<select id="findCartByUserId" resultType="hashmap">
		select * from cart where user_id = #{user_id};
	</select>
	
	<!--购物车添加-->
	<insert id="addCart">
        insert into cart (user_id,goods_id,number,ischecked) values (#{user_id},#{goods_id},#{number},0);
    </insert>
    <select id="findCartById" resultType="hashmap">
        select * from cart where goods_id = #{goods_id} and user_id = #{user_id};
    </select>
    <!--直接修改数量-->
    <update id="updateCartNumber">
        update cart set number = #{number} where goods_id = #{goods_id};
    </update>
    <update id="addCartNumber">
        update cart set number = number + #{number} where goods_id = #{goods_id} and user_id = #{user_id};
    </update>
    <delete id="deleteCart" >
        delete from cart where goods_id = #{goods_id} and user_id = #{user_id};
    </delete>
    <update id="updateCartStatue">
        update cart set ischecked = #{isChecked} where goods_id = #{goods_id} and user_id = #{user_id};
    </update>
    
    <select id="findCountByUserId" resultType="hashmap">
		SELECT count(*) as count FROM cart WHERE user_id = #{user_id};
 	</select>
 	 <select id="findGoodsIdByUserId" resultType="hashmap">
		SELECT goods_id  FROM cart WHERE user_id = #{user_id};   
 	</select>
 	<select id="findAllChecked" resultType="hashmap">
        select * from cart where ischecked = 1 and user_id = #{user_id} ;
    </select>
    
 	<!--地址相关-->
 	<select id="findAddressByUserId" resultType="hashmap">
        select * from address where user_id = #{user_id};
    </select>
 	<insert id="addAddress">
        insert into address values (null,#{user_id},#{realName},#{address},#{phone});
    </insert>
</mapper>
