<?xml version="1.0" encoding="UTF-8"?>
<!DOCTYPE mapper PUBLIC "-//mybatis.org//DTD Mapper 3.0//EN" "http://mybatis.org/dtd/mybatis-3-mapper.dtd">
<mapper namespace="cn.zy.dao.GoodsDao">
	<select id="getGoodsList" resultType="hashmap">
		select * from goods limit #{startPage},#{pageSize}
	</select>
	<select id="getGoodsListCount" resultType="hashmap">
		select count(1) as total from goods 
	</select>
	<select id="getGoodsById" resultType="hashmap">
        select * from goods where goods_id = #{goods_id};
	</select>
	
	<select id="findGoodsByName" resultType="hashmap">
			SELECT * FROM goods WHERE goods_name LIKE concat('%',#{name},'%') 
	</select>
	
	<select id="findGoods" resultType="hashmap">
			SELECT * FROM goods;
	</select>
	<select id="findGoodsCount" resultType="hashmap">
			SELECT count(*) as total FROM goods;
	</select>
	<insert id="saveGoods" >
        insert into goods values (#{goods_id},#{goods_name},#{cat_id},#{image1},#{image2},#{image3},#{image4},#{image5},#{goods_price},#{goods_number},#{goods_introduce})
    </insert>
</mapper>
