<?xml version="1.0" encoding="UTF-8"?>
<!DOCTYPE mapper PUBLIC "-//mybatis.org//DTD Mapper 3.0//EN" "http://mybatis.org/dtd/mybatis-3-mapper.dtd">
<mapper namespace="cn.zy.dao.OrderDao">
	<select id="findOrderByUserId" resultType="hashmap">
		SELECT goods.image1,goods.goods_name,goods.goods_price,order_x.order_status,create_time,order_num
		FROM user
		JOIN address ON user.address_id = address.address_id
		JOIN order_x ON address.address_id = order_x.address_id
		JOIN goods ON order_x.goods_id = goods.goods_id
		WHERE user.user_id =  #{user_id};
	</select>
	<select id="findOrderCountByUserId" resultType="Integer">
		SELECT count(*) as total
		FROM user
		JOIN address ON user.address_id = address.address_id
		JOIN order_x ON address.address_id = order_x.address_id
		JOIN goods ON order_x.goods_id = goods.goods_id
		WHERE user.user_id =   #{user_id};
	</select>
	<delete id="deleteOrderByOrderNumber">
		DELETE  from order_x where  order_num=#{order_num};
	</delete>
	
	<update id="updateOrderByOrderNumber">
        update order_x set order_status = #{order_status} where order_num = #{order_num};
	</update>
	<insert id="saveOrder" >
        insert into order_x values (null,#{order_num},#{order_status},#{order_amount},#{paid_amount},#{goods_id},#{buy_counts},#{create_time},null,#{address_id})
    </insert>
    
    <select id="findOrder" resultType="hashmap">
	SELECT order_x.order_num,goods.goods_name,buy_counts,order_x.create_time,
		paid_amount,order_status,address.realName,address.address
		FROM order_x
		JOIN address ON address.address_id = order_x.address_id
		JOIN goods on goods.goods_id = order_x.goods_id
		limit #{startPage},#{pageSize};
	</select>
	<select id="findOrderCount" resultType="hashmap">
		select count(1) as total from order_x
		JOIN address ON address.address_id = order_x.address_id
	</select>
	
	<select id="findOrderByNumberAndName" resultType="hashmap">
		SELECT order_x.order_num,goods.goods_name,buy_counts,order_x.create_time,
		paid_amount,order_status,address.realName,address.address
		FROM order_x
		JOIN address ON address.address_id = order_x.address_id
		JOIN goods on goods.goods_id = order_x.goods_id
		where order_num = #{order_num} and realName = #{realName}
	</select>
</mapper>

	