<?xml version="1.0" encoding="UTF-8"?>
<!DOCTYPE mapper PUBLIC "-//mybatis.org//DTD Mapper 3.0//EN" "http://mybatis.org/dtd/mybatis-3-mapper.dtd">
<mapper namespace="cn.zy.dao.UserDao">
	<select id="findByUserName" resultType="hashmap">
		select * from user where username = #{username}
	</select>
	<select id="findByEmail" resultType="hashmap">
		select * from user where email = #{email}
	</select>
	<select id="findByPhone" resultType="hashmap">
		select * from user where phone = #{phone}
	</select>
	<insert id="addUser">
		insert into user (username,email,password,phone) values(#{username},#{email},#{password},#{phone})
	</insert>
	
	<select id="login" resultType="hashmap">
		select * from user where username = #{username} and password = #{password}
	</select>
	
	<select id="findAllByUserName" resultType="hashmap">
	SELECT user.user_id, user.username, user.password, user.email, user.phone, address.realName, address.address
	FROM user
	JOIN address ON user.address_id = address.address_id
	where username =#{username} 
	</select>

	<select id="findAll" resultType="hashmap">
	SELECT user.user_id, user.username, user.password, user.email, user.phone, address.realName, address.address
	FROM user
	JOIN address ON user.address_id = address.address_id
	</select>
	
	<select id="findAllCount" resultType="Integer">
	SELECT count(*) as total
	FROM user
	JOIN address ON user.address_id = address.address_id
	</select>
	
	<select id="findAllCountByUserName" resultType="Integer">
	SELECT count(*) as total
	FROM user
	JOIN address ON user.address_id = address.address_id
	where username =#{username} 
	
	</select>
	
</mapper>
